,stand,hit,double down,split,surrender
upcard: 6 hand: 11,-14.81481481,39.02439024,71.96165612,0,-50
upcard: 6 hand: 20,68.69518138,-84.375,-141.1764706,-433.3333333,-50
upcard: 4 hand: 3 3,-19.60784314,-6.110201855,-64,5.7300993,-50
upcard: 4 hand: A 6,-7.129094412,5.802310655,16.8801535,0,-50
upcard: 4 hand: A 8,44.52931296,17.39130435,26.76659529,0,-50
upcard: 4 hand: 19,41.94144025,-71.42857143,-155,0,-50
upcard: 8 hand: A 8,60.9718653,14.53287197,-3.105590062,0,-50
upcard: 8 hand: 18,10.3299465,-57.79220779,-83.52941176,0,-50
upcard: 5 hand: 19,45.64767078,-66.66666667,-157.8947368,0,-50
upcard: 6 hand: 14,-11.47396705,-31.65322581,-71.57360406,0,-50
upcard: 3 hand: 10,-27.18894009,22.59782357,43.97315996,0,-50
upcard: 10 hand: 9,-58.0474934,-15.1223625,-41.25514403,0,-50
upcard: 10 hand: A 3,-40.75810864,-13.52903724,-39.41010355,0,-50
upcard: 10 hand: 14,-53.79740759,-46.36470329,-94.58598726,0,-50
upcard: 10 hand: 12,-53.29407435,-37.72650085,-73.69369369,0,-50
upcard: 10 hand: 19,7.048700291,-69.84126984,-148.3870968,0,-50
upcard: 2 hand: 6 6,-27.49169435,-25.77171572,-61.97183099,-9.229242474,-50
upcard: 5 hand: 12,-14.33738721,-17.8317124,-38.02816901,0,-50
upcard: 3 hand: 8,-21.93419741,1.120479254,-12.92792793,0,-50
upcard: 9 hand: 9,-54.16666667,-6.331937731,-24.46220037,0,-50
upcard: 9 hand: J J,75.44571499,-85.18518519,-129.4117647,-1.904761905,-50
upcard: 6 hand: 12,-13.2486792,-16.7877172,-33.815427,0,-50
upcard: 10 hand: 18,-17.47355385,-73.19148936,-142.8571429,0,-50
upcard: 3 hand: 14,-24.12922802,-36.96172249,-76.44787645,0,-50
upcard: 9 hand: 15,-58.25331504,-47.13864144,-115.8940397,0,-50
upcard: 4 hand: 6 6,-20.34853921,-19.7110904,-50.1607717,6.870229008,-50
upcard: 4 hand: 11,-10.2310231,30.93897253,61.49545597,0,-50
upcard: 4 hand: 21,89.29941892,-111.1111111,0,0,-50
upcard: 4 hand: 14,-18.8764901,-35.31073446,-56.45833333,0,-50
upcard: 10 hand: A 6,-33.06330633,-19.5170905,-38.17554619,0,-50
upcard: 5 hand: 9,-11.88811189,20.32266458,31.57134906,0,-50
upcard: A hand: 16,-55.53091125,-53.50407925,-115.2173913,0,-50
upcard: 6 hand: 9,-12.08226221,21.45208803,36.66212534,0,-50
upcard: 6 hand: 19,47.22091657,-65.51724138,-200,0,-50
upcard: 4 hand: J J,64.86706457,-100,-169.2307692,45.85635359,-50
upcard: 5 hand: 18,20.94058646,-68.13186813,-106.6666667,0,-50
upcard: 8 hand: 14,-50.84345479,-36.99086376,-82.63473054,0,-50
upcard: 4 hand: A 3,-10.12658228,9.834355028,12.31900712,0,-50
upcard: 4 hand: 17,-6.534816186,-68.68131868,-211.1111111,0,-50
upcard: 3 hand: 20,64.38634941,-82.35294118,-160,-2.51572327,-50
upcard: 7 hand: 15,-49.73886329,-36.53187268,-78.77237852,0,-50
upcard: 6 hand: A A,43.25,14.28571429,56.04719764,100.0124657,-50
upcard: 6 hand: A 4,-7.216494845,14.21098518,25.99079874,0,-50
upcard: 4 hand: 12,-19.25162563,-19.47317192,-40.1509434,0,-50
upcard: 4 hand: 15,-18.89755458,-43.65924492,-96.66666667,0,-50
upcard: 4 hand: 20,65.1475205,-75.67567568,-233.3333333,44.42887176,-50
upcard: 6 hand: 13,-11.82383016,-25.48955614,-58.25545171,0,-50
upcard: 2 hand: 12,-29.2185008,-25.25704561,-54.26356589,0,-50
upcard: 10 hand: 10,-46.57534247,2.487536377,-0.253821423,0,-50
upcard: 9 hand: 7,-53.11827957,-28.95768941,-93.16770186,0,-50
upcard: 10 hand: 16,-54.26903193,-53.41096708,-120.7317073,0,-50
upcard: 5 hand: 11,-22.42424242,36.12273361,67.49725941,0,-50
upcard: 5 hand: 21,89.80384541,-105.5555556,0,0,-50
upcard: 10 hand: 2 2,-53.54993983,-28.3736302,-111.1111111,-64.69298246,-50
upcard: 5 hand: 20,67.54796268,-93.10344828,-176.9230769,-119.2307692,-50
upcard: 4 hand: 6,-20.67736185,-6.385163319,-27.7719113,0,-50
upcard: 10 hand: 11,-70.87378641,11.61596142,16.57481163,0,-50
upcard: 9 hand: 13,-55.12589928,-38.74665164,-68.29590489,0,-50
upcard: 9 hand: 17,-42.24860003,-55.31026253,-97.0464135,0,-50
upcard: A hand: 9,-65.77777778,-11.87322498,-34.86777669,0,-50
upcard: 2 hand: 16,-28.16761385,-46.62471396,-115.2380952,0,-50
upcard: 10 hand: 13,-52.46621029,-41.97728933,-92.33449477,0,-50
upcard: 3 hand: 5,-23.62978283,-10.8621268,-62.38938053,0,-50
upcard: 3 hand: 15,-23.58070657,-40.84720121,-102.5210084,0,-50
upcard: 3 hand: 16,-23.9145433,-50.96700796,-84.02061856,0,-50
upcard: 3 hand: 21,87.94145489,-100,0,0,-50
upcard: A hand: 9 9,-17.67699115,-65.2173913,-136.3636364,-33.82687927,-50
upcard: 7 hand: 18,40.6299297,-74.54545455,-88.63636364,0,-50
upcard: 6 hand: 15,-10.83410211,-41.45299145,-83.7037037,0,-50
upcard: 7 hand: 13,-52.35892692,-27.93010029,-85.18518519,0,-50
upcard: 10 hand: 17,-41.74049451,-60.60606061,-162.745098,0,-50
upcard: 10 hand: 6,-55.01474926,-34.65549055,-99.4011976,0,-50
upcard: 3 hand: 18,14.34886443,-62.29508197,-153.8461538,0,-50
upcard: 10 hand: A 2,-43.66344395,-10.34191702,-51.03244838,0,-50
upcard: 7 hand: 12,-50.23866348,-22.34136218,-73.26007326,0,-50
upcard: 9 hand: A 8,30.14167222,0.766871166,1.459854015,0,-50
upcard: 9 hand: 16,-55.64458341,-50.76868336,-101.0752688,0,-50
upcard: 9 hand: 19,28.06436735,-75.36231884,-156.5217391,0,-50
upcard: 4 hand: 13,-19.26534686,-26.85115931,-47.45762712,0,-50
upcard: 3 hand: 7,-22.72977435,-6.870163616,-38.67595819,0,-50
upcard: 9 hand: 11,-72.94117647,15.9300377,20.78265394,0,-50
upcard: 9 hand: A 4,-42.64538198,-12.45028035,-39.54104148,0,-50
upcard: 2 hand: 15,-27.63587943,-41.94364162,-73.70030581,0,-50
upcard: 7 hand: 17,-10.70039017,-46.26865672,-76.19047619,0,-50
upcard: 10 hand: 15,-54.08072845,-50.33795653,-107.6233184,0,-50
upcard: 2 hand: 14,-28.96115325,-40.38556599,-64.63878327,0,-50
upcard: A hand: 20,61.43472332,-78.94736842,-171.4285714,0.485436893,-50
upcard: 4 hand: K K,64.0432295,-119.047619,-176.9230769,23.45276873,-50
upcard: 4 hand: 18,17.62707538,-59.01639344,-156.6666667,0,-50
upcard: 9 hand: 18,-18.76321414,-60.98191214,-106.3157895,0,-50
upcard: 9 hand: 20,75.41153631,-92.59259259,-200,-425,-50
upcard: 3 hand: 13,-24.55285149,-29.18973967,-75,0,-50
upcard: A hand: 11,-66.34615385,11.94436045,17.10571469,0,-50
upcard: A hand: 17,-46.35561121,-57.72602054,-108.8888889,0,-50
upcard: 5 hand: 16,-14.09117118,-42.76568502,-105.3191489,0,-50
upcard: 2 hand: 20,63.40231706,-103.7037037,-160,-38.02816901,-50
upcard: 2 hand: 19,38.07724117,-72.88135593,-145.4545455,0,-50
upcard: 2 hand: Q Q,62.73221281,-100,-176.9230769,20.70175439,-50
upcard: 3 hand: A 2,-9.607686149,5.115712546,7.200137967,0,-50
upcard: 10 hand: 20,56.27300167,-84.21052632,-158.8235294,-300,-50
upcard: 5 hand: 14,-13.54193048,-33.20488118,-60.84142395,0,-50
upcard: 8 hand: 20,79.06647575,-82.75862069,-200,23.24561404,-50
upcard: 10 hand: 3 3,-55.20934761,-33.10665464,-113.2075472,-67.34693878,-50
upcard: 3 hand: 19,39.77750231,-65.15151515,-200,0,-50
upcard: 7 hand: 11,-52.63157895,29.74325967,47.65638096,0,-50
upcard: 4 hand: 7,-19.32498639,-3.5648226,-22.8422619,0,-50
upcard: 4 hand: 16,-18.47905673,-42.98076923,-121.4285714,0,-50
upcard: 6 hand: K K,67.3432912,-71.42857143,-169.2307692,32.28346457,-50
upcard: 6 hand: 17,2.459469038,-63.03030303,-96,0,-50
upcard: 6 hand: A 10,126.6091171,45.26315789,98.25327511,0,-50
upcard: 8 hand: 16,-50.94269871,-45.59330439,-89.85915493,0,-50
upcard: A hand: 6,-65.5511811,-34.57061969,-133.8235294,0,-50
upcard: A hand: 13,-60.78316774,-42.23357592,-97.00854701,0,-50
upcard: 9 hand: 10,-66.98113208,11.76117196,13.88628588,0,-50
upcard: 8 hand: 12,-49.12868633,-28.69143368,-58.36680054,0,-50
upcard: 8 hand: 19,58.91073967,-81.57894737,-152.9411765,0,-50
upcard: 8 hand: A 3,-31.19730185,1.891265409,-13.29974811,0,-50
upcard: 8 hand: A 7,11.51409853,2.579582876,-21.74757282,0,-50
upcard: 10 hand: A 5,-42.39382239,-21.54117505,-49.34097421,0,-50
upcard: 7 hand: 10,-54.34782609,27.6944472,42.86952679,0,-50
upcard: A hand: 12,-71.82608696,-38.1043673,-76.53508772,0,-50
upcard: 5 hand: 13,-13.67296325,-25.74044157,-51.93965517,0,-50
upcard: 7 hand: 14,-47.26351351,-33.3817285,-79.9382716,0,-50
upcard: 10 hand: 21,96.16426973,-105.2631579,0,0,-50
upcard: 9 hand: 12,-52.80444669,-35.42112257,-82.84789644,0,-50
upcard: 4 hand: A 5,-16.17977528,0.789889415,8.861117394,0,-50
upcard: 5 hand: 17,-3.014582165,-50.66225166,-104.2253521,0,-50
upcard: 9 hand: 4 4,-52.61958998,-21.08788853,-68.08510638,-61.33333333,-50
upcard: 2 hand: A 6,-12.75538377,-1.012083032,0.645117936,0,-50
upcard: 2 hand: 17,-15.34451479,-51.25240848,-151.2195122,0,-50
upcard: 4 hand: 8,-17.62854145,5.975210144,0.087501823,0,-50
upcard: 4 hand: 10,-28.64864865,26.22850123,50.74092742,0,-50
upcard: 8 hand: 17,-39.09942961,-52.62326169,-116.5289256,0,-50
upcard: 10 hand: A A,-43.4623813,-6.537530266,-37.79884584,18.8477833,-50
upcard: 10 hand: A 8,5.827687417,-16.14420063,-56.21621622,0,-50
upcard: 10 hand: A 9,55.69544049,-4,-9.302325581,0,-50
upcard: 10 hand: A 10,98.4243601,14.70588235,-52.77777778,0,-50
upcard: A hand: 14,-62.00256739,-46.47980257,-122.4,0,-50
upcard: 5 hand: 7,-10.53294167,2.70086246,-11.15107914,0,-50
upcard: 6 hand: 4 4,-12.82722513,16.88046647,12.3100304,16.83255269,-50
upcard: 6 hand: A 8,50.46519089,18.40354767,52.88117631,0,-50
upcard: 9 hand: 3 3,-54.14012739,-29.69078355,-108.3333333,-46.51162791,-50
upcard: 9 hand: A 2,-46.43874644,-2.317624986,-19.44444444,0,-50
upcard: 5 hand: A 3,-7.413793103,9.123898393,22.91831461,0,-50
upcard: 8 hand: 5,-50.09140768,-19.20293768,-90,0,-50
upcard: 5 hand: 6,-13.77440347,-0.011145166,-17.56653992,0,-50
upcard: A hand: 15,-59.81441827,-50.64950802,-91.24087591,0,-50
upcard: A hand: 18,-18.93190589,-68.70503597,-140.8163265,0,-50
upcard: 5 hand: A 5,-4.07079646,6.317804722,15.95413914,0,-50
upcard: 2 hand: 13,-29.02910756,-30.88547059,-68.09954751,0,-50
upcard: 3 hand: 11,-23.26732673,29.2325173,54.93981493,0,-50
upcard: 2 hand: 11,-26.3681592,26.71615889,52.0875287,0,-50
upcard: 5 hand: 8,-15.06329114,11.18103191,5.5173382,0,-50
upcard: A hand: 7,-64.16382253,-33.52221555,-131.9444444,0,-50
upcard: 8 hand: 10,-51.72413793,20.79658089,30.47815244,0,-50
upcard: 9 hand: 14,-53.48789913,-43.19869042,-90.90909091,0,-50
upcard: 9 hand: 21,93.80511311,-105.2631579,0,0,-50
upcard: 7 hand: 8,-55.08982036,8.408022867,-9.946595461,0,-50
upcard: 4 hand: 9,-16.18625277,14.83324368,24.67247349,0,-50
upcard: 7 hand: A 8,64.42782917,20.12779553,29.31392931,0,-50
upcard: 5 hand: 5 5,-8.02919708,31.98051948,56.07088989,-5.479452055,-50
upcard: 7 hand: 19,62.0866963,-71.42857143,-127.2727273,0,-50
upcard: 10 hand: 7,-58.24847251,-32.74571091,-87.34177215,0,-50
upcard: 6 hand: 7,-9.915296462,5.055459562,-3.606482538,0,-50
upcard: 6 hand: 10,-5.610561056,34.70139771,62.29354169,0,-50
upcard: 7 hand: 21,92.72926141,-100,0,0,-50
upcard: 3 hand: A 7,15.10500808,4.542664211,20.60778727,0,-50
upcard: 9 hand: A 6,-34.07049067,-14.18980654,-32.98004988,0,-50
upcard: 4 hand: 5,-27.95454545,-4.849044031,-29.5,0,-50
upcard: 5 hand: 10,-18.95734597,31.38324244,58.60460018,0,-50
upcard: 8 hand: A 5,-39.23611111,-7.620792306,-16.80047577,0,-50
upcard: A hand: 6 6,-63.7630662,-40.01279045,-152,-69.31818182,-50
upcard: A hand: A 6,-39.86636971,-23.03298198,-59.62441315,0,-50
upcard: A hand: A 9,62.68868155,-1.960784314,9.302325581,0,-50
upcard: 6 hand: 16,-9.864935943,-39.47730399,-64.1025641,0,-50
upcard: 7 hand: 9,-46.34146341,17.72134053,14.2384106,0,-50
upcard: 3 hand: J J,64.90614887,-78.78787879,-210,34.60721868,-50
upcard: 8 hand: 8 8,-52.0661157,-51.61290323,-76.98412698,-3.986220472,-50
upcard: 9 hand: 7 7,-53.03292894,-47.26166329,-109.352518,-62.92481977,-50
upcard: 3 hand: 12,-24.68471407,-22.74071936,-52.71966527,0,-50
upcard: A hand: K K,61.3648673,-86.66666667,-133.3333333,-3.007518797,-50
upcard: 10 hand: 8 8,-53.73208723,-51.90546287,-94.88054608,-50.73838718,-50
upcard: 5 hand: 15,-14.35988761,-38.96353167,-178.5714286,0,-50
upcard: 2 hand: 21,87.70425777,-137.5,0,0,-50
upcard: 8 hand: 15,-50.55964183,-41.62566869,-91.1971831,0,-50
upcard: 8 hand: 11,-58.7628866,23.07794981,34.97617571,0,-50
upcard: 10 hand: A 4,-44.09090909,-17.46384735,-53.15549772,0,-50
upcard: 3 hand: 6 6,-25.12926577,-25.04854369,-50.18315018,-7.541322314,-50
upcard: 3 hand: 9,-27.176781,9.672063097,15.0777512,0,-50
upcard: 3 hand: A 5,-19.67213115,0.508829692,1.228335857,0,-50
upcard: 8 hand: 7,-48.4774665,-22.45470455,-81.81818182,0,-50
upcard: 6 hand: 21,90.13626195,-100,0,0,-50
upcard: 7 hand: 20,77.37666661,-85.71428571,-200,42.68077601,-50
upcard: 7 hand: A 2,-41.77777778,11.49818102,0.763358779,0,-50
upcard: 7 hand: A 9,78.68082764,28.4,11.40939597,0,-50
upcard: 2 hand: 4 4,-27.45490982,-0.21893815,-12.00289226,-16.07495069,-50
upcard: 6 hand: A 3,-10.14851485,13.51909185,27.43489308,0,-50
upcard: 10 hand: 8,-52.66821346,-25.25838813,-71.65109034,0,-50
upcard: A hand: A 4,-45.98662207,-17.8333604,-47.89915966,0,-50
upcard: 9 hand: A 5,-32.78106509,-15.81621851,-52.69978402,0,-50
upcard: 7 hand: A 3,-44.30894309,6.479747445,-2.96803653,0,-50
upcard: 2 hand: A 4,-22.09821429,-1.947089947,-0.764096259,0,-50
upcard: 7 hand: 3 3,-45.73002755,-16.04675877,-127.6595745,-11.62995595,-50
upcard: A hand: Q Q,61.49057275,-81.25,-200,1.342281879,-50
upcard: 4 hand: A 2,-28.18181818,9.982192323,10.30562125,0,-50
upcard: 6 hand: 8 8,-11.36363636,-33.62068966,-118.75,39.495325,-50
upcard: 6 hand: 18,25.21804922,-72.36842105,-97.95918367,0,-50
upcard: 8 hand: A 6,-30.95487933,-6.751510786,-20.57214977,0,-50
upcard: 6 hand: A 2,-5.979381443,10.875513,27.51646528,0,-50
upcard: 8 hand: A 2,-37.5,4.359015602,-20.45088567,0,-50
upcard: 4 hand: A 4,-15.01416431,8.351756325,9.394592476,0,-50
upcard: 10 hand: 7 7,-53.8932999,-49.23544705,-103.7735849,-98.05447471,-50
upcard: 6 hand: 8,-11.4321608,14.45749635,11.3180024,0,-50
upcard: 10 hand: 9 9,-16.00140919,-59.44272446,-140.4255319,-34.70891673,-50
upcard: 10 hand: 10 10,57.08008505,-90.90909091,-171.4285714,6.12244898,-50
upcard: 2 hand: 18,11.49433523,-69.09090909,-98.36065574,0,-50
upcard: 10 hand: A 7,-16.74392667,-14.44749212,-30.34802784,0,-50
upcard: A hand: 19,21.99011253,-83.33333333,-127.2727273,0,-50
upcard: 3 hand: 3 3,-26.09351433,-14.3438914,-58.43621399,-71.42857143,-50
upcard: 7 hand: 2 2,-36.99731903,-9.116242038,-130,-2.331189711,-50
upcard: 6 hand: 6,-15.75562701,2.810341218,-34.44976077,0,-50
upcard: 10 hand: 6 6,-54.19766206,-39.34958177,-75.50561798,-91.02040816,-50
upcard: 2 hand: A 5,-16.3659253,-4.568922445,-13.77791758,0,-50
upcard: 6 hand: 9 9,22.97117517,-54.21686747,-117.6470588,45.59539619,-50
upcard: 9 hand: 8 8,-50.20725389,-51.63787969,-101.2987013,-42.5441148,-50
upcard: A hand: A 8,21.47993747,-15.55555556,-17.15039578,0,-50
upcard: 4 hand: 9 9,16.76495366,-68.25396825,-157.8947368,32.43174279,-50
upcard: 6 hand: A 7,22.55369928,18.09927361,44.34831939,0,-50
upcard: 5 hand: 2 2,-10.35940803,-4.947526237,-24.54545455,24.85115195,-50
upcard: 3 hand: 17,-11.10716492,-57.96178344,-139.1304348,0,-50
upcard: 7 hand: 16,-49.37244821,-40.78125467,-71.86147186,0,-50
upcard: 10 hand: 4 4,-54.76575121,-24.8249324,-67.26190476,-76.15062762,-50
upcard: 7 hand: Q Q,76.08456892,-91.66666667,-200,52.89017341,-50
upcard: 2 hand: 7,-29.9928418,-11.3276043,-46.39175258,0,-50
upcard: 8 hand: 13,-50.53413841,-33.85595183,-67.56302521,0,-50
upcard: 8 hand: 8,-46.5648855,-6.812543416,-42.26804124,0,-50
upcard: 4 hand: A 9,68.52033213,2.684563758,49.96150885,0,-50
upcard: 9 hand: A 3,-46.69509595,-7.956777996,-26.67834209,0,-50
upcard: 5 hand: A 4,-12.25225225,10.30695579,18.45674381,0,-50
upcard: 10 hand: 5,-55.31019979,-30.36171905,-106.557377,0,-50
upcard: A hand: A 2,-50.53763441,-11.00950988,-56.03448276,0,-50
upcard: 9 hand: 8,-55.64053537,-21.81385314,-68.70748299,0,-50
upcard: 2 hand: 8,-25.25439408,-2.99836352,-18.48049281,0,-50
upcard: 3 hand: A 9,65.82111748,22.76923077,46.82850431,0,-50
upcard: 3 hand: 6,-28.40495266,-11.18053636,-57.1942446,0,-50
upcard: 7 hand: 7,-46.37681159,-7.603818024,-80.3030303,0,-50
upcard: 8 hand: 6,-51.7611026,-24.02506964,-118.6666667,0,-50
upcard: 7 hand: A 6,-6.633119854,5.069363412,4.118552733,0,-50
upcard: 2 hand: A 8,40.69562553,16.09467456,28.7890625,0,-50
upcard: 3 hand: A A,-19.59459459,-7.368421053,38.17762399,72.70576516,-50
upcard: 3 hand: 9 9,14.0241365,-56.70103093,-100,22.07854406,-50
upcard: 2 hand: A 9,65.95799941,24.71910112,35.00866551,0,-50
upcard: 7 hand: A 4,-35.77023499,2.813313396,-3.642241379,0,-50
upcard: 2 hand: 9,-25.56390977,7.179218968,7.887202537,0,-50
upcard: 8 hand: 9,-52.22222222,9.535022552,-1.251664447,0,-50
upcard: 2 hand: A 7,13.42155009,1.756954612,13.67593969,0,-50
upcard: 9 hand: 5 5,-56.43564356,12.63829787,18.87054735,-92.30769231,-50
upcard: 10 hand: J J,56.94983419,-88.23529412,-200,-61.53846154,-50
upcard: 3 hand: A 10,107.9375623,36.20689655,-29.72972973,0,-50
upcard: A hand: 10,-68.50393701,4.587263874,-5.291688178,0,-50
upcard: 7 hand: A 7,42.88385226,19.78723404,25.25808672,0,-50
upcard: 2 hand: 2 2,-33.98058252,-16.15575808,-80.85106383,-2.230022713,-50
upcard: 8 hand: 3 3,-47.71653543,-23.98700897,-145.4545455,-38.23529412,-50
upcard: 5 hand: A 9,71.04185218,22.69230769,44.72972973,0,-50
upcard: 2 hand: 9 9,13.84834461,-65.85365854,-135.7142857,19.28900592,-50
upcard: 5 hand: A A,-47.61904762,-6.060606061,60.53853296,92.05601685,-50
upcard: 8 hand: 21,93.04595953,-90.90909091,0,0,-50
upcard: 9 hand: A 9,77.04130934,15.81920904,6.060606061,0,-50
upcard: 6 hand: A 5,-12.18905473,13.51888668,28.14144821,0,-50
upcard: 9 hand: 6,-56.24142661,-30.34115256,-92.54658385,0,-50
upcard: 9 hand: K K,74.78404472,-92,-200,23.80952381,-50
upcard: 8 hand: 2 2,-46.93396226,-15.78685259,-136.3636364,-24.83974359,-50
upcard: 4 hand: 2 2,-22.47474747,-12.48120301,-18.38235294,11.54143078,-50
upcard: 2 hand: A 10,102.9599482,29.66101695,-400,0,-50
upcard: 6 hand: 5,-14.82112436,4.859794432,-45.45454545,0,-50
upcard: 9 hand: 5,-50.72115385,-26.96180366,-122.6666667,0,-50
upcard: 2 hand: 10,-31.70731707,19.56947162,38.76833556,0,-50
upcard: 4 hand: A 7,21.95736434,9.397590361,31.30306022,0,-50
upcard: 9 hand: A 7,-15.54886395,-11.25839758,-26.46891044,0,-50
upcard: 6 hand: 7 7,-24.06639004,-41.13475177,-61.62790698,23.70792926,-50
upcard: A hand: 8,-63.5443038,-24.92188342,-66.76300578,0,-50
upcard: 5 hand: 6 6,-7.339449541,-19.22005571,-36.84210526,18.62051855,-50
upcard: 2 hand: 10 10,62.54399196,-81.81818182,-169.2307692,21.23287671,-50
upcard: 8 hand: 7 7,-55.7486631,-37.39326971,-98.52941176,-38.28915004,-50
upcard: 3 hand: A 6,-9.129814551,2.212855638,8.670916083,0,-50
upcard: 7 hand: 5 5,-53.62318841,23.34455668,42.61791795,-12.56830601,-50
upcard: 4 hand: A 10,111.7285331,32,64.65863454,0,-50
upcard: 10 hand: Q Q,56.6540737,-83.33333333,-152.9411765,-18.6440678,-50
upcard: 5 hand: 5,-12.40506329,0.91684092,-31.37254902,0,-50
upcard: A hand: A 5,-57.09219858,-20.64947062,-63.49514563,0,-50
upcard: A hand: 10 10,59.98569641,-92.85714286,-171.4285714,8.333333333,-50
upcard: 9 hand: A 10,97.75049924,3.947368421,-17.64705882,0,-50
upcard: 7 hand: 5,-47.64150943,-11.49720726,-122.8070175,0,-50
upcard: 2 hand: J J,63.01251084,-86.66666667,-200,23.92638037,-50
upcard: A hand: 5,-70.38123167,-30.81136061,-128.9855072,0,-50
upcard: 6 hand: 10 10,68.56537102,-85.71428571,-200,54.00161681,-50
upcard: 8 hand: A 9,79.2400479,17.44186047,18.18181818,0,-50
upcard: 5 hand: A 8,49.10801917,21.1023622,46.22356495,0,-50
upcard: 5 hand: A 10,123.6924686,42.55319149,52.89256198,0,-50
upcard: A hand: A 7,-18.29931973,-14.8951049,-34.65045593,0,-50
upcard: 3 hand: A 4,-21.27329193,2.614095898,6.833952478,0,-50
upcard: 7 hand: 6,-46.52908068,-14.98605228,-64.11290323,0,-50
upcard: 8 hand: K K,77.897474,-68.75,-129.4117647,11.36363636,-50
upcard: 3 hand: 5 5,-20.3125,19.37842779,47.01819631,-10.79545455,-50
upcard: 8 hand: J J,78.17277812,-84.61538462,-175,27.83018868,-50
upcard: 7 hand: J J,76.57135659,-91.66666667,-211.1111111,35.7615894,-50
upcard: 9 hand: Q Q,73.91908976,-74.19354839,-146.6666667,18.68131868,-50
upcard: 8 hand: A 4,-29.21455939,-3.257683215,-26.9058296,0,-50
upcard: 8 hand: A 10,100.5900948,10,22.11538462,0,-50
upcard: 2 hand: A 3,-28.24156306,0.597647966,0.3393891,0,-50
upcard: 7 hand: 9 9,41.28319748,-51.38888889,-136.3636364,10.22222222,-50
upcard: 5 hand: A 2,-20.54380665,14.43071492,20.89441912,0,-50
upcard: 10 hand: 5 5,-55.20833333,1.753855458,-0.923694779,-130,-50
upcard: 6 hand: A 9,73.41383648,36.11793612,61.24234471,0,-50
upcard: 7 hand: 10 10,76.95297318,-84.61538462,-166.6666667,47.08333333,-50
upcard: 7 hand: A 10,105.5534821,34.64566929,1.639344262,0,-50
upcard: A hand: 3 3,-70.70063694,-34.99030068,-116.4705882,-44.8699422,-50
upcard: 3 hand: A 8,42.20876827,13.58024691,32.65922125,0,-50
upcard: 5 hand: 9 9,20.63903282,-56.16438356,-133.3333333,37.60099441,-50
upcard: 5 hand: 3 3,-14.64788732,-24.03433476,-23.04526749,25.11947065,-50
upcard: 10 hand: K K,56.92236401,-79.48717949,-200,20.18561485,-50
upcard: 5 hand: 10 10,69.18087001,-100,-133.3333333,31.15727003,-50
upcard: 3 hand: 10 10,63.08860759,-100,-190.9090909,16.32653061,-50
upcard: 5 hand: A 7,22.11280215,18.92629663,34.42003066,0,-50
upcard: 2 hand: 5,-27.10643016,-13.54864381,-79.45205479,0,-50
upcard: 3 hand: A 3,-22.80701754,3.398479913,2.588721439,0,-50
upcard: 5 hand: A 6,0.464576074,13.85159011,27.90973872,0,-50
upcard: A hand: 21,90.72556224,-100,0,0,-50
upcard: 3 hand: 4 4,-21.72284644,3.691813804,-12.21052632,-3.063343718,-50
upcard: 3 hand: 7 7,-23.29700272,-48.13084112,-72.64957265,1.814662473,-50
upcard: 7 hand: A A,-7.627118644,14.35897436,18.56060606,69.70227671,-50
upcard: 5 hand: Q Q,67.09367494,-83.33333333,-169.2307692,44.76584022,-50
upcard: 4 hand: 5 5,-9.677419355,21.65354331,51.03214006,-16.17647059,-50
upcard: 6 hand: 3 3,-3.043478261,-6.994818653,-27.77777778,30.54156945,-50
upcard: 5 hand: J J,67.26556344,-92.59259259,-200,59.22787194,-50
upcard: 6 hand: Q Q,67.96364669,-66.66666667,-200,52.03989121,-50
upcard: 2 hand: 3 3,-30.1369863,-14.83425829,-43.99185336,-280,-50
upcard: 2 hand: K K,62.00215285,-84.375,-138.8888889,40.68441065,-50
upcard: 3 hand: 2 2,-26.64233577,-8.729993764,-35.04950495,-9.569577936,-50
upcard: 7 hand: A 5,-34.05797101,-1.100217382,-12.19784306,0,-50
upcard: 9 hand: A A,-40,-5.801104972,-30.39215686,30.43534594,-50
upcard: 6 hand: 5 5,-0.680272109,39.97378768,61.93397604,29.09930716,-50
upcard: A hand: A 3,-59.21325052,-14.12123264,-64.66512702,0,-50
upcard: 3 hand: Q Q,64.18936789,-74.28571429,-141.1764706,39.49447077,-50
upcard: 5 hand: 8 8,-16.22516556,-45.83333333,-105.1282051,27.81979978,-50
upcard: A hand: J J,60.20025031,-77.14285714,-200,-113.6363636,-50
upcard: 7 hand: 6 6,-52.49406176,-22.24875622,-72.08121827,-25.46328071,-50
upcard: 8 hand: 10 10,78.33333333,-84.61538462,-146.6666667,-11.9047619,-50
upcard: 2 hand: 6,-28.54291417,-12.76295536,-59.70149254,0,-50
upcard: A hand: 8 8,-52.94605809,-54.64006938,-134.2857143,-43.67521368,-50
upcard: 5 hand: K K,67.67567568,-67.56756757,-200,49.41675504,-50
upcard: 7 hand: 7 7,-48.39857651,-35.1888668,-67.76315789,-7.631624078,-50
upcard: 8 hand: 4 4,-64.41717791,-5.530581665,-66.23376623,-36.77419355,-50
upcard: 9 hand: 9 9,-17.30141458,-64.84848485,-169.2307692,-9.757145927,-50
upcard: 6 hand: 6 6,-14.57142857,-19.76284585,-27.75119617,29.4378951,-50
upcard: 8 hand: 5 5,-65.625,20.12534819,32.53388947,-57.33333333,-50
upcard: 3 hand: 8 8,-34.85477178,-48.07692308,-91.80327869,12.71098863,-50
upcard: 7 hand: K K,75.42416452,-95.83333333,-146.6666667,44.84978541,-50
upcard: 6 hand: A 6,-5.769230769,14.43391971,30.25346137,0,-50
upcard: 2 hand: A 2,-33.24538259,3.953343424,1.697597468,0,-50
upcard: 4 hand: A A,28.07745505,-18.46153846,34.55882353,80.9494144,-50
upcard: 2 hand: 7 7,-27.18495935,-48.14814815,-74.55621302,-16.59663866,-50
upcard: 6 hand: 2 2,-7.8125,-2.163061564,-53.53535354,26.01717059,-50
upcard: 8 hand: A A,-32.05268935,7.164179104,-105.1282051,45.84666581,-50
upcard: 9 hand: 6 6,-55.88585018,-36.75625291,-64.38746439,-63.14878893,-50
upcard: 2 hand: 5 5,-18.3908046,22.47372676,38.41317365,-41.2371134,-50
upcard: 2 hand: A A,-57.89473684,-0.641025641,34.26640927,65.24520256,-50
upcard: 7 hand: 4 4,-60,8.788128607,-4.112718964,-11.39564661,-50
upcard: A hand: 4 4,-64.44444444,-23.58303607,-96.2962963,-195.6521739,-50
upcard: 9 hand: 2 2,-45.44049459,-21.83002575,-104.5454545,-38.34951456,-50
upcard: 5 hand: 4 4,-18.84984026,13.8377107,-19.47194719,19.14743703,-50
upcard: A hand: 2 2,-61.75548589,-25.77523642,-153.8461538,-45.04748982,-50
upcard: 9 hand: 10 10,75.30379281,-85.18518519,-146.6666667,23.6453202,-50
upcard: 8 hand: Q Q,78.07922558,-78.57142857,-166.6666667,40.64327485,-50
upcard: 3 hand: K K,63.77067812,-83.87096774,-200,20.93862816,-50
upcard: 7 hand: 8 8,-35.33834586,-34.55882353,-45.71428571,31.64369518,-50
upcard: 4 hand: 4 4,-25,5.794587092,-13.85642738,5.220588235,-50
upcard: A hand: 7 7,-57.54026354,-48.93930466,-100.5847953,-66.61184211,-50
upcard: 2 hand: 8 8,-26.19047619,-57.62711864,-88.88888889,13.87642389,-50
upcard: 4 hand: Q Q,64.28860965,-86.66666667,-200,43.03959132,-50
upcard: 5 hand: 7 7,-18.41584158,-62.96296296,-89.0625,13.56240755,-50
upcard: 4 hand: 7 7,-13.65638767,-36.66666667,-93.93939394,10.07866273,-50
upcard: 8 hand: 6 6,-49.4934877,-27.3253012,-62.53521127,-42.07369323,-50
upcard: A hand: 5 5,-51.85185185,2.388797364,-4.187889078,-93.65079365,-50
upcard: 8 hand: 9 9,8.11827957,-61.05263158,-161.9047619,18.17413356,-50
upcard: A hand: A A,-56.5,-13.69047619,-48.12030075,19.88365944,-50
upcard: 6 hand: J J,67.90447066,-60,-146.6666667,55.16997167,-50
upcard: 4 hand: 8 8,-28.49462366,-40.14084507,-134.375,26.15211268,-50
upcard: 4 hand: 10 10,66.27656712,-71.42857143,-200,44.25363276,-50
upcard: A hand: A 10,92.83195204,17.43119266,-32.55813953,0,-50
